{"sections":{"collection-header":{"type":"collection-header","custom_css":[],"settings":{"enable":true,"collection_image_enable":true,"parallax":false}},"main-collection":{"type":"main-collection","blocks":{"collection_description":{"type":"collection_description","settings":{}},"subcollections":{"type":"subcollections","settings":{"subcollections_per_row":5}},"product_grid":{"type":"product_grid","settings":{"enable_collection_count":true,"per_row":4,"rows_per_page":20,"mobile_flush_grid":false}}},"block_order":["collection_description","subcollections","product_grid"],"settings":{"enable_sidebar":false,"collapsed":false,"filter_style":"drawer","enable_color_swatches":true,"enable_sort":false}}},"order":["collection-header","main-collection"]}