{"sections":{"hero_moderno_UUgQYk":{"type":"Hero-moderno","settings":{"modo_visualizacion":"normal","altura_desktop":100,"altura_mobile":50,"imagen_1":"shopify:\/\/shop_images\/FLAVIA_924_-1_HIGH_26abc515-a285-408e-8969-a8bf614fdb77.jpg","imagen_1_mobile":"shopify:\/\/shop_images\/FLAVIA_924_-1_HIGH_26abc515-a285-408e-8969-a8bf614fdb77.jpg","titulo_1":"","texto_1":"","boton_url_1":"shopify:\/\/products\/flavia-924-1-high_50x50","boton_texto_1":"Flavia","imagen_2":"shopify:\/\/shop_images\/IMANI_924_1_ad3fa911-e1a8-4baf-8e60-9d9d5fe5167b.jpg","imagen_2_mobile":"shopify:\/\/shop_images\/IMANI_924_1_ad3fa911-e1a8-4baf-8e60-9d9d5fe5167b.jpg","titulo_2":"","texto_2":"","boton_url_2":"shopify:\/\/products\/imani-924-1-high_54x54","boton_texto_2":"Imani","imagen_3":"shopify:\/\/shop_images\/AMAR_924-6.jpg","imagen_3_mobile":"shopify:\/\/shop_images\/AMAR_924-6.jpg","titulo_3":"","texto_3":"","boton_url_3":"shopify:\/\/products\/amar-924-6-h-p_37x37","boton_texto_3":"Amar","alineacion_horizontal":"left","alineacion_vertical":"bottom","alineacion_horizontal_mobile":"left","alineacion_vertical_mobile":"bottom","intervalo":3,"mostrar_indicadores":false,"efecto_transicion":"slide","color_texto":"#ffffff","color_boton":"#000000","color_fondo_boton":"#e8e8e1"}},"rich_text_ybRT3F":{"type":"rich-text","blocks":{"text_x43UAi":{"type":"text","settings":{"text_size":13,"text":"<p>La misión de SG Partners es ofrecer soluciones de interiorismo sofisticadas y vanguardistas, que se distinguen por su calidad y elegancia. Cada colección respira arte e inspira, con un enfoque especial en valores profundamente arraigados en nuestra tierra y sociedad. SG Partners representa una oda al siglo XXI en todos sus aspectos, fusionando tradición y modernidad en el diseño textil.<\/p>"}}},"block_order":["text_x43UAi"],"settings":{"align_text":"center","narrow_column":true,"divider":false}},"baner_videos_carrusel_JDjeTk":{"type":"baner-videos-carrusel","disabled":true,"settings":{"modo_visualizacion":"normal","altura_desktop":100,"altura_mobile":55,"titulo":"Nueva Colección","subtitulo":"","video_1":"https:\/\/cdn.shopify.com\/videos\/c\/o\/v\/8434390c4d6043ab946fd846af5643ac.mp4","video_1_mobile":"https:\/\/cdn.shopify.com\/videos\/c\/o\/v\/8434390c4d6043ab946fd846af5643ac.mp4","video_2":"https:\/\/cdn.shopify.com\/videos\/c\/o\/v\/baa7c888f4ba4b4c9b3aa1a9f5cca295.mov","video_2_mobile":"https:\/\/cdn.shopify.com\/videos\/c\/o\/v\/baa7c888f4ba4b4c9b3aa1a9f5cca295.mov","video_3":"","video_3_mobile":"","alineacion_horizontal":"left","alineacion_vertical":"bottom","alineacion_horizontal_mobile":"left","alineacion_vertical_mobile":"bottom","duracion_video":3,"opacidad_overlay":0,"mostrar_indicadores":true}},"advanced_content_NxQw9t":{"type":"advanced-content","settings":{"collection_list":[],"full_width":true,"space_around":false,"force_image_fit":false,"collections_per_row":"3"}},"rich_text_mr4i8g":{"type":"rich-text","blocks":{"heading_pPmzgn":{"type":"heading","settings":{"title":"colecciones","heading_size":24}}},"block_order":["heading_pPmzgn"],"settings":{"align_text":"center","narrow_column":true,"divider":false}},"mosaico_imagenes_MQffDP":{"type":"mosaico-imagenes","blocks":{"coleccion_c3nfcp":{"type":"coleccion","settings":{"coleccion":"bimori"}},"coleccion_6CmjVM":{"type":"coleccion","settings":{"coleccion":"agary-624"}},"coleccion_mywiCN":{"type":"coleccion","settings":{"coleccion":"auristela-924"}},"coleccion_Vg9PcF":{"type":"coleccion","settings":{"coleccion":"aona-124"}},"coleccion_kBL4Xb":{"type":"coleccion","settings":{"coleccion":"batia-marino-124"}},"coleccion_8etBeT":{"type":"coleccion","settings":{"coleccion":"micaela-624"}}},"block_order":["coleccion_c3nfcp","coleccion_6CmjVM","coleccion_mywiCN","coleccion_Vg9PcF","coleccion_kBL4Xb","coleccion_8etBeT"],"settings":{"titulo":"","gap":8,"rotate":10,"depth":200}},"rich_text_mgWmK3":{"type":"rich-text","blocks":{"button_kcL8my":{"type":"button","settings":{"link":"shopify:\/\/pages\/todas-las-colecciones","link_text":"VER TODAS LAS COLECCIONES","button_text_size":13}}},"block_order":["button_kcL8my"],"settings":{"align_text":"center","narrow_column":true,"divider":false}},"rich_text_MUYEUx":{"type":"rich-text","blocks":{"heading_3pR8rY":{"type":"heading","settings":{"title":"","heading_size":24}},"text_rRVitN":{"type":"text","settings":{"text_size":13,"text":"<p><strong>La única fábrica textil de primera generación en España que integra todos los procesos productivos<\/strong><\/p><p>En nuestras instalaciones de más de 8.000 m², gestionamos de principio a fin cada etapa de la producción textil: diseño, tejido, estampación y confección. Asegurando la máxima calidad y coherencia en cada una de nuestras creaciones.<\/p><p>Nuestras colecciones exclusivas son un reflejo de nuestra pasión. Nos inspiramos en la naturaleza y en la evolución constante de la sociedad para crear piezas únicas.<\/p><p>Cada año, asistimos a las pasarelas más prestigiosas de Nueva York, Milán y París. Porque nada es casualidad, todo es causalidad.<\/p>"}}},"block_order":["heading_3pR8rY","text_rRVitN"],"settings":{"align_text":"center","narrow_column":true,"divider":false}},"promo_grid_N7UFrj":{"type":"promo-grid","blocks":{"advanced_LiKE49":{"type":"advanced","settings":{"subheading":"SG PARTNERS","heading":"Colecciones exclusivas","textarea":"","cta_text1":"Colecciones","cta_link1":"shopify:\/\/pages\/coleccion","cta_text2":"","cta_link2":"","image":"shopify:\/\/shop_images\/AURISTELA_924-1_HIGH_f019f854-6e87-481a-9150-09a1f2820e18.jpg","video_url":"","width":"100","height":600,"text_size":55,"text_align":"vertical-bottom horizontal-left","focal_point":"center","color_accent":"rgba(0,0,0,0)","boxed":true,"framed":true}}},"block_order":["advanced_LiKE49"],"custom_css":[],"settings":{"full_width":true,"gutter_size":40,"space_above":true,"space_below":true}},"testimonials_gYbgDB":{"type":"testimonials","blocks":{"testimonial_w4nkRr":{"type":"testimonial","settings":{"icon":"5-stars","testimonial":"<p>SOIS INSPIRACIÓN, EN DOS DÍA ME HABÉIS SACADO UNA COLECCIÓN QUE LLEVO DANDO VUELTAS DOS MESES, GRACIAS.<\/p>","author":"IGNACIO","author_info":"(SEVILLA)"}},"testimonial_idtj9p":{"type":"testimonial","settings":{"icon":"5-stars","testimonial":"<p>CUANDO LLEGA LA TEMPORADA, ESPERO VER LAS COLECCIONES DE SGPARTNERS PARA COMPRAR. SOIS VANGUARDIA EN ESTAMPACIÓN.<\/p>","author":"ESTHER","author_info":"(BARCELONA)"}},"testimonial_tnyFkG":{"type":"testimonial","settings":{"icon":"5-stars","testimonial":"<p>LA MEJOR COLECCIÓN DE ESTAMPADOS CON DIFERENCIA, TENÉIS UNA MANERA ÚNICA DE PRESENTAR COLECCIONES ELEGANTES, ATREVIDAS, ORGÁNICAS Y SOBRE TODO MUY CUIDADAS.<\/p>","author":"GENNARO","author_info":"(ITALIA)"}},"testimonial_rRR3ep":{"type":"testimonial","settings":{"icon":"4-stars","testimonial":"<p>TENÉIS UNA DELICADEZA EXTREMA PARA MEZCLAR COLORES. ENHORABUENA POR VUESTRO TRABAJO.<\/p>","author":"MARIA","author_info":"(BARCELONA)"}},"testimonial_meBiF8":{"type":"testimonial","settings":{"icon":"5-stars","testimonial":"<p>DESDE QUE OS CONOZCO VENDO MÁS ESTAMPADOS, TENÉIS UNA COLECCIÓN PRECIOSA.<\/p>","author":"IRINA","author_info":"(BILBAO)"}},"testimonial_6EmngM":{"type":"testimonial","settings":{"icon":"5-stars","testimonial":"<p>LA CALIDAD DE LA ESTAMPACIÓN ES EXCEPCIONAL, POCAS EMPRESAS PUEDEN DISEÑAR Y ESTAMPAR DIBUJOS CON TANTO DETALLE Y CON TANTA PRECISIÓN.<\/p>","author":"PATRICIA","author_info":"(VIGO)"}},"testimonial_gh88bz":{"type":"testimonial","settings":{"icon":"4-stars","testimonial":"<p>LA INTENSIDAD DE COLOR ES ÚNICA, VUESTROS ESTAMPADOS SON MODA.<\/p>","author":"LOLA","author_info":"(GIRONA)"}},"testimonial_TKxWbp":{"type":"testimonial","settings":{"icon":"5-stars","testimonial":"<p>LO QUE MÁS ME GUSTA DE VUESTROS DISEÑOS PARA PATCHWORK SON LA DEFINICIÓN EN EL DISEÑO  Y LA SUAVIDAD EEL TEJIDO.<\/p>","author":"JAVI","author_info":"(MADRID)"}},"testimonial_e6WPEn":{"type":"testimonial","settings":{"icon":"5-stars","testimonial":"<p>INCOMPARABLES, VUESTRAS TELAS, LA CALIDAD, EL COLOR, LA DEFINICIÓN, LA INTENSIDAD, UNA PASADA.<\/p>","author":"AMANDA","author_info":"(MADRID)"}}},"block_order":["testimonial_w4nkRr","testimonial_idtj9p","testimonial_tnyFkG","testimonial_rRR3ep","testimonial_meBiF8","testimonial_6EmngM","testimonial_gh88bz","testimonial_TKxWbp","testimonial_e6WPEn"],"settings":{"title":"Sobre SG Partners","align_text":"left","round_images":true,"color_background":"#ffffff","color_text":"#1c1d1d"}},"faq_ctjzht":{"type":"faq","blocks":{"question_7a4JqM":{"type":"question","settings":{"title":"Frequently asked question","text":"<p>Use this text to answer questions in as much detail as possible for your customers.<\/p>"}},"question_BeKJMi":{"type":"question","settings":{"title":"Frequently asked question","text":"<p>Use this text to answer questions in as much detail as possible for your customers.<\/p>"}},"question_HBqAwC":{"type":"question","settings":{"title":"Frequently asked question","text":"<p>Use this text to answer questions in as much detail as possible for your customers.<\/p>"}}},"block_order":["question_7a4JqM","question_BeKJMi","question_HBqAwC"],"settings":{"title":"FAQs"}}},"order":["hero_moderno_UUgQYk","rich_text_ybRT3F","baner_videos_carrusel_JDjeTk","advanced_content_NxQw9t","rich_text_mr4i8g","mosaico_imagenes_MQffDP","rich_text_mgWmK3","rich_text_MUYEUx","promo_grid_N7UFrj","testimonials_gYbgDB","faq_ctjzht"]}