{"sections":{"rich_text_TPReXV":{"type":"rich-text","blocks":{"heading_GBF4R9":{"type":"heading","settings":{"title":"Colecciones","heading_size":24}},"text_PTVxeJ":{"type":"text","settings":{"text_size":16,"text":"<p> <\/p>"}}},"block_order":["heading_GBF4R9","text_PTVxeJ"],"settings":{"align_text":"center","narrow_column":true,"divider":false}},"main":{"type":"list-collections-template","disabled":true,"settings":{"title_enable":true,"display_type":"all","sort":"alphabetical","grid":"5"}},"advanced_content_HkFMp7":{"type":"advanced-content","settings":{"collection_list":["aona-124","batia-lila-124","batia-marino-124","batia-amarillo-124","batia-blanco-124","batia-denim-124","batia-fucsia-124","batia-mint-124","batia-oliva-124","batia-pink-124","bimba-124","carula-124","devin-ocre-124","devin-rosa-124","donia-124","egia-colores-124","egia-mostaza-124","elvis-mostaza-124","elvis-rojo-124","genoveva-124","genoveva-lila-124","genoveva-rosa-124","genoveva-verde-124","glenda-124","leny-124","liel-azul-oscuro-124","liel-beige-124","liel-gris-124","liel-mint-124","liel-rosa-124","liel-teja-124","liel-verde-124","lilia-124","manon-124","nahia-124","nalin-124","nisha-124","norah-124","nydia-124","oyuki-azul-124","oyuki-rosa-124","oyuki-taupe-124","remei-124","sigrid-124","silvina-124","tasmin-124","tessa-124","wanda-124"],"full_width":false,"space_around":true,"force_image_fit":true,"collections_per_row":"4"}}},"order":["rich_text_TPReXV","main","advanced_content_HkFMp7"]}