{"sections":{"main":{"type":"main-page","disabled":true,"settings":{}},"rich_text_tMaLg6":{"type":"rich-text","blocks":{"heading_KPryM8":{"type":"heading","settings":{"title":"Colecciones","heading_size":24}},"text_nMwNaX":{"type":"text","settings":{"text_size":12,"text":"<p>Descubre nuestra amplia y exclusiva gama de estampados textiles diseñada para aportar creatividad y estilo único a tus proyectos. Nuestras colecciones incluyen, desde estampados florales vibrantes y modernas formas geométricas, hasta rayas clásicas, diseños tie-dye y acabados inspirados en técnicas artísticas. Cada una de nuestras colecciones está cuidadosamente creada para satisfacer las necesidades tanto en la decoración de interiores como en los proyectos de moda, garantizando siempre la máxima calidad y originalidad.<\/p>"}}},"block_order":["heading_KPryM8","text_nMwNaX"],"settings":{"align_text":"center","narrow_column":true,"divider":false}},"advanced_content_MdkyAf":{"type":"advanced-content","disabled":true,"settings":{"collection_list":["enero-2024"],"full_width":true,"space_around":true,"force_image_fit":true,"collections_per_row":"3"}},"promo_grid_CfX9HN":{"type":"promo-grid","blocks":{"advanced_WiqcBi":{"type":"advanced","settings":{"subheading":"SG Partners","heading":"Otoño-Invierno","textarea":"","cta_text1":"Colecciones","cta_link1":"shopify:\/\/pages\/enero-2024","cta_text2":"","cta_link2":"","image":"shopify:\/\/shop_images\/Cara_1.jpg","video_url":"","width":"50","height":660,"text_size":155,"text_align":"vertical-center horizontal-center","focal_point":"center","color_accent":"rgba(0,0,0,0)","boxed":false,"framed":true}},"advanced_3nxdjh":{"type":"advanced","settings":{"subheading":"SG PARTNERS","heading":"PRIMAVERA VERANO","textarea":"","cta_text1":"COLECCIONES","cta_link1":"shopify:\/\/pages\/otono-2023","cta_text2":"","cta_link2":"","image":"shopify:\/\/shop_images\/KUMARI1.jpg","video_url":"","width":"50","height":220,"text_size":130,"text_align":"vertical-center horizontal-center","focal_point":"center","color_accent":"rgba(0,0,0,0)","boxed":false,"framed":true}}},"block_order":["advanced_WiqcBi","advanced_3nxdjh"],"settings":{"full_width":true,"gutter_size":40,"space_above":true,"space_below":true}}},"order":["main","rich_text_tMaLg6","advanced_content_MdkyAf","promo_grid_CfX9HN"]}