{"sections":{"main":{"type":"main-page","disabled":true,"settings":{}},"rich_text_HjnyU6":{"type":"rich-text","blocks":{"heading_yB7fL9":{"type":"heading","settings":{"title":"ESPECIAL Halloween","heading_size":24}},"text_kNLTHx":{"type":"text","settings":{"text_size":12,"text":"<p>Conoce nuestros diseños exclusivos inspirados en la noche más terrorífica y divertida del año. En esta amplia colección de estampados inspirados en Halloween, encontrarás propuestas con calaveras mexicanas y catrinas, así como clásicos personajes de miedo como calabazas, casas encantadas, sombreros de bruja y fantasmas. Los colores negro y naranja son los protagonistas de esta colección, añadiendo un toque festivo y espeluznante a tus decoraciones. Perfectos para celebrar la temporada y crear un ambiente único en tu hogar.<\/p>"}}},"block_order":["heading_yB7fL9","text_kNLTHx"],"settings":{"align_text":"center","narrow_column":true,"divider":false}},"cuadricula_producto_KfTyyB":{"type":"cuadricula-producto","disabled":true,"settings":{"title":"","products_per_row":4,"text_align":"center","collection":"especial-de-halloween","creator":"SG Partners","title_size":12}},"productos_coleccion_4ChrjR":{"type":"productos-coleccion","settings":{"collection":"especial-de-halloween","columns_desktop":6,"columns_mobile":3,"show_vendor":true,"show_price":false,"vendor_position":"center"}}},"order":["main","rich_text_HjnyU6","cuadricula_producto_KfTyyB","productos_coleccion_4ChrjR"]}