{"sections":{"main":{"type":"main-page","disabled":true,"settings":{}},"rich_text_3iypNL":{"type":"rich-text","blocks":{"heading_WVVczB":{"type":"heading","settings":{"title":"sabana"}},"text_ma6i7E":{"type":"text","settings":{"enlarge_text":true,"text":"<p>Explora nuestra amplia gama de tejido sábana tintado, ideal para confeccionar ropa de cama suave, cómoda y duradera. Este tipo de textil es muy valorado por su suavidad, transpirabilidad y resistencia, características esenciales que garantizan un descanso reparador. Fabricado principalmente en algodón, este tejido ofrece una sensación agradable al tacto, ideal para quienes buscan el máximo confort en su ropa de cama. Disfruta de un descanso cómodo y prolongado con la seguridad de estar utilizando textiles duraderos y fáciles de cuidar.<\/p>"}}},"block_order":["heading_WVVczB","text_ma6i7E"],"settings":{"align_text":"center","narrow_column":true,"divider":false}}},"order":["main","rich_text_3iypNL"]}