{"sections":{"main":{"type":"main-page","disabled":true,"settings":{}},"rich_text_zDThXn":{"type":"rich-text","blocks":{"heading_TMMN9X":{"type":"heading","settings":{"title":"ESPECIAL TROPICAL","heading_size":24}},"text_e8WnDR":{"type":"text","settings":{"text_size":12,"text":"<p>Explora nuestra colección de estampados tropicales, donde los tonos verdes se fusionan con colores vibrantes y llamativos. Adéntrate en diseños inspirados en la flora y la fauna exótica, perfectos para añadir un toque fresco y dinámico a cualquier espacio de tu hogar. Descubre estampados que evocan la belleza del trópico y transforma tu decoración con estilo.<\/p>"}}},"block_order":["heading_TMMN9X","text_e8WnDR"],"settings":{"align_text":"center","narrow_column":true,"divider":false}},"cuadricula_producto_AWRBy9":{"type":"cuadricula-producto","disabled":true,"settings":{"title":"","products_per_row":4,"text_align":"center","collection":"especial-tropical","creator":"SG Partners","title_size":12}},"productos_coleccion_QfNr34":{"type":"productos-coleccion","settings":{"collection":"especial-tropical","columns_desktop":6,"columns_mobile":3,"show_vendor":true,"show_price":false,"vendor_position":"center"}}},"order":["main","rich_text_zDThXn","cuadricula_producto_AWRBy9","productos_coleccion_QfNr34"]}