{"sections":{"rich_text_CWpGWh":{"type":"rich-text","blocks":{"heading_nbrNJg":{"type":"heading","settings":{"title":"estampamos tus diseños","heading_size":24}},"text_KiinJD":{"type":"text","settings":{"text_size":12,"text":"<p>En SG Partners ofrecemos la oportunidad de personalizar estampados de acuerdo a tu estilo y necesidades específicas. Elige entre nuestra amplia gama de estampados o, si tienes una idea en mente, ¡compártela con nosotros! Nuestro equipo de expertos en diseño textil está listo para colaborar contigo y crear un estampado único que se adapte perfectamente a tus proyectos y espacios.<\/p><p>Transforma tu visión en realidad y destaca en el mercado con nuestros diseños.<\/p>"}}},"block_order":["heading_nbrNJg","text_KiinJD"],"settings":{"align_text":"center","narrow_column":true,"divider":false}},"main":{"type":"main-page","disabled":true,"settings":{}},"vende_nuestros_desing_LhnFGN":{"type":"vende-nuestros-desing","settings":{"title":"¿Cómo podemos ayudarte?","nombre_label":"Nombre","nombre_placeholder":"Tu nombre","apellido_label":"Apellido","apellido_placeholder":"Tu apellido","email_label":"Correo electrónico","email_placeholder":"tu@email.com","empresa_label":"Empresa (Opcional)","empresa_placeholder":"Nombre de tu empresa","telefono_label":"Teléfono","telefono_placeholder":"+34 600 000 000","direccion_label":"Dirección","direccion_placeholder":"Tu dirección completa","necesidad_label":"¿Qué necesitas?","necesidad_placeholder":"Cuéntanos brevemente qué necesitas...","submit_text":"Enviar Solicitud","success_message":"¡Gracias por tu mensaje! Te contactaremos pronto.","error_message":"Por favor verifica los campos e intenta de nuevo.","background_color":"#f7f7f7","card_background":"#ffffff","title_color":"#333333","label_color":"#333333","input_background":"#f7f7f7","input_border":"#e5e7eb","input_text":"#333333","input_placeholder":"#9ca3af","input_focus_border":"#3b82f6","button_background":"#e8e8e1","button_text":"#000000","button_hover_background":"#2563eb","success_background":"#f0fdf4","success_text":"#16a34a","success_border":"#16a34a","error_background":"#fef2f2","error_text":"#dc2626","error_border":"#dc2626"}}},"order":["rich_text_CWpGWh","main","vende_nuestros_desing_LhnFGN"]}