{"sections":{"main":{"type":"main-page","disabled":true,"settings":{}},"rich_text_thncwC":{"type":"rich-text","blocks":{"heading_bHfR9G":{"type":"heading","settings":{"title":"loneta"}},"text_qFqWhn":{"type":"text","settings":{"enlarge_text":true,"text":"<p>En SG Partners te ofrecemos una extensa colección de loneta tintada de alta calidad, ideal para quienes buscan resistencia y durabilidad en textiles para el hogar. Este tejido loneta es conocido por su acabado firme y robusto, perfecto para tapicería de sofás, sillones, cojines y otros productos que requieren un uso intensivo. También es la elección ideal para cortinas, toldos y fundas de exterior, gracias a su resistencia y capacidad para soportar las condiciones más exigentes. Descubre nuestras opciones de loneta tintada y añade funcionalidad y estilo a tus espacios interiores y exteriores.<\/p>"}}},"block_order":["heading_bHfR9G","text_qFqWhn"],"settings":{"align_text":"center","narrow_column":true,"divider":false}}},"order":["main","rich_text_thncwC"]}