{"sections":{"main":{"type":"main-page","disabled":true,"settings":{}},"rich_text_yL9a4Q":{"type":"rich-text","blocks":{"heading_3X6H3N":{"type":"heading","settings":{"title":"ESPECIAL DEL MAR","heading_size":24}},"text_Pac6P4":{"type":"text","settings":{"text_size":12,"text":"<p>Sumérgete en nuestra colección de estampados inspirados en el mundo marino y permite que los tonos azules y corales invadan tu hogar a través de nuestros textiles. La naturaleza y sus elementos han sido siempre una gran fuente de inspiración para el diseño, y en estas propuestas encontrarás animales marinos, plantas y diseños abstractos que evocan la belleza del océano. Una colección perfecta para crear un ambiente fresco y relajante en cualquier espacio de tu hogar.<\/p>"}}},"block_order":["heading_3X6H3N","text_Pac6P4"],"settings":{"align_text":"center","narrow_column":true,"divider":false}},"cuadricula_producto_L7Cemg":{"type":"cuadricula-producto","disabled":true,"settings":{"title":"","products_per_row":4,"text_align":"center","collection":"coleccion-de-mar","creator":"SG Partners","title_size":12}},"productos_coleccion_aTxWQM":{"type":"productos-coleccion","settings":{"collection":"coleccion-de-mar","columns_desktop":6,"columns_mobile":3,"show_vendor":true,"show_price":false,"vendor_position":"center"}}},"order":["main","rich_text_yL9a4Q","cuadricula_producto_L7Cemg","productos_coleccion_aTxWQM"]}