{"sections":{"main":{"type":"main-page","disabled":true,"settings":{}},"rich_text_XkGKgK":{"type":"rich-text","blocks":{"heading_im6Bh6":{"type":"heading","settings":{"title":"PRIMAVERA - VERANO","heading_size":24}}},"block_order":["heading_im6Bh6"],"settings":{"align_text":"center","narrow_column":true,"divider":false}},"advanced_content_dJJYfb":{"type":"advanced-content","settings":{"collection_list":["felis","gaia","gural","hada","jolie","kaede","kaedena","kora","korana","kumari","lidaila","lima","lionela-rosa","lis","lorraine","nele","palopa","patchpal","pilu","vrinda","bulan","cinta","batari","ireshi","leilani","lua-azul","lua-malva","lua-mostaza","lua-rosa","lupina","sharol","selena","delmare","beryl-624","beryl-fluor-624","bora-624","ibbie-624","ilma-624","micaela-624","portia-624","eda","estel","denise","dina","duna","dunixe","enys","gadea"],"full_width":false,"space_around":true,"force_image_fit":true,"collections_per_row":"6"}},"advanced_content_h64itE":{"type":"advanced-content","settings":{"collection_list":["jade","java","kyla","mikela","natacha-fluor","sabrina","samara","selma","senda","zoe","aziza","batia-lila-124","batia-amarillo-124","batia-blanco-124","batia-fucsia-124","batia-mint-124","batia-pink-124","carula-124","donia-124","genoveva-124","leny-124","liel-mint-124","liel-rosa-124","lilia-124","manon-124","nalin-124","nisha-124","sigrid-124","tasmin-124","tessa-124","wanda-124","gara","gianna","glaucia","ilse","indah","iraia","jenevra","keren","lois","lorde","lua","maureen","neith","nila","nirmala","raquel","suki","suzette","tabatha"],"full_width":false,"space_around":true,"force_image_fit":true,"collections_per_row":"6"}}},"order":["main","rich_text_XkGKgK","advanced_content_dJJYfb","advanced_content_h64itE"]}