{"sections":{"main":{"type":"main-page","disabled":true,"settings":{}},"rich_text_XkGKgK":{"type":"rich-text","blocks":{"heading_im6Bh6":{"type":"heading","settings":{"title":"VERANO 2023","heading_size":24}}},"block_order":["heading_im6Bh6"],"settings":{"align_text":"center","narrow_column":true,"divider":false}},"advanced_content_THcKdn":{"type":"advanced-content","settings":{"collection_list":["aine","arden","batari","iraide","ireshi","leilani","lua-azul","lua-malva","lua-mostaza","lua-rosa","lupina","sharol"],"full_width":false,"space_around":true,"force_image_fit":true,"collections_per_row":"6"}}},"order":["main","rich_text_XkGKgK","advanced_content_THcKdn"]}