{"sections":{"rich_text_pcyxxW":{"type":"rich-text","blocks":{"heading_gUA7U4":{"type":"heading","settings":{"title":"infantil","heading_size":24}},"text_EqPKpK":{"type":"text","settings":{"text_size":16,"text":"<p>Use this text to share information about your brand with your customers. Describe a product, share announcements, or welcome customers to your store.<\/p>"}}},"block_order":["heading_gUA7U4","text_EqPKpK"],"settings":{"align_text":"center","narrow_column":true,"divider":false}},"main":{"type":"main-page","disabled":true,"settings":{}},"cuadricula_producto_EkfE99":{"type":"cuadricula-producto","disabled":true,"settings":{"title":"","products_per_row":3,"text_align":"center","collection":"","creator":"SG Partners","title_size":16}}},"order":["rich_text_pcyxxW","main","cuadricula_producto_EkfE99"]}