{"sections":{"main":{"type":"main-page","disabled":true,"settings":{}},"rich_text_4GkdiN":{"type":"rich-text","blocks":{"heading_waCbEQ":{"type":"heading","settings":{"title":"Lino","heading_size":24}},"text_XD7iDD":{"type":"text","settings":{"text_size":12,"text":"<p>Descubre nuestros textiles de lino tintados ideales por su resistencia, transpirabilidad y alta capacidad de absorción de humedad. El tejido de lino es perfecto para la confección de prendas de vestir frescas y elegantes, así como para la ropa de cama, las cortinas y los cojines decorativos. También es ideal para tapicería gracias a su durabilidad y acabado natural. Elige entre todas nuestras opciones disponibles para darle un toque distintivo a tus proyectos.<\/p>"}}},"block_order":["heading_waCbEQ","text_XD7iDD"],"settings":{"align_text":"center","narrow_column":true,"divider":false}},"cuadricula_producto_m3eWpW":{"type":"cuadricula-producto","disabled":true,"settings":{"title":"","products_per_row":4,"text_align":"center","collection":"lino","creator":"SG Partners","title_size":12}},"productos_coleccion_8ccKGJ":{"type":"productos-coleccion","settings":{"collection":"lino","columns_desktop":6,"columns_mobile":3,"show_vendor":true,"show_price":false,"vendor_position":"center"}}},"order":["main","rich_text_4GkdiN","cuadricula_producto_m3eWpW","productos_coleccion_8ccKGJ"]}