{"sections":{"main":{"type":"main-page","disabled":true,"settings":{}},"rich_text_XkGKgK":{"type":"rich-text","blocks":{"heading_im6Bh6":{"type":"heading","settings":{"title":"BRUGES","heading_size":24}},"text_RkJGKf":{"type":"text","settings":{"text_size":12,"text":"<p>Nuestros estampados temáticos son ideales para darle personalidad y estilo a cada rincón de tu hogar. Explora diseños únicos que reflejan movimientos sociales como el Orgullo LGBTQ+ o el feminismo, así como estampados creados específicamente para profesiones o áreas de negocio. Además, encontrarás propuestas vanguardistas en las que se reinterpretan las obras de arte y los personajes históricos más famosos.<\/p>"}}},"block_order":["heading_im6Bh6","text_RkJGKf"],"settings":{"align_text":"center","narrow_column":true,"divider":false}},"productos_coleccion_CAVaeq":{"type":"productos-coleccion","settings":{"collection":"bruges","columns_desktop":6,"columns_mobile":4,"show_vendor":true,"show_price":false,"vendor_position":"center"}}},"order":["main","rich_text_XkGKgK","productos_coleccion_CAVaeq"]}