{"sections":{"main":{"type":"main-page","disabled":true,"settings":{}},"rich_text_fk3kqF":{"type":"rich-text","blocks":{"heading_x77tqX":{"type":"heading","settings":{"title":"ESPECIAL MANTELERIA","heading_size":24}},"text_Kq8jB8":{"type":"text","settings":{"text_size":12,"text":"<p>Nuestros estampados exclusivos para mantelería combinan diseños únicos y colores vibrantes, aportando estilo y funcionalidad a tu hogar. Estos tejidos con estampación digital incluyen dos capas de resina y una de teflón, haciéndolos totalmente impermeables. Además, su tratamiento hidrófugo los convierte en tejidos antimanchas y repelentes de líquidos. Son versátiles, de fácil mantenimiento y perfectos para decorar la mesa del comedor o la cocina a diario.<\/p>"}}},"block_order":["heading_x77tqX","text_Kq8jB8"],"settings":{"align_text":"center","narrow_column":true,"divider":false}},"cuadricula_producto_AKf7FL":{"type":"cuadricula-producto","disabled":true,"settings":{"title":"","products_per_row":4,"text_align":"center","collection":"especial-manteleria","creator":"SG Partners","title_size":12}},"productos_coleccion_Ffrrf6":{"type":"productos-coleccion","settings":{"collection":"especial-manteleria","columns_desktop":6,"columns_mobile":3,"show_vendor":true,"show_price":false,"vendor_position":"center"}}},"order":["main","rich_text_fk3kqF","cuadricula_producto_AKf7FL","productos_coleccion_Ffrrf6"]}