{"sections":{"main":{"type":"main-page","disabled":true,"settings":{}},"rich_text_XkGKgK":{"type":"rich-text","blocks":{"heading_im6Bh6":{"type":"heading","settings":{"title":"Solicita tu muestra","heading_size":24}},"text_RkJGKf":{"type":"text","settings":{"text_size":12,"text":"<p>Si eres un profesional del sector del diseño, solicita una muestra y comprueba por ti mismo el acabado y la calidad de nuestros tejidos antes de realizar tu pedido.<\/p>"}}},"block_order":["heading_im6Bh6","text_RkJGKf"],"settings":{"align_text":"center","narrow_column":true,"divider":false}},"17295754869f561286":{"type":"apps","blocks":{"forms_inline_TWAnyH":{"type":"shopify:\/\/apps\/forms\/blocks\/inline\/8744a304-fcb1-4347-b211-bb6b4759a76a","settings":{"form_id":"186476","text_color":"#202020","button_background_color":"#202020","button_label_color":"#ffffff","links_color":"#1878b9","errors_color":"#e02229","text_alignment":"center","form_alignment":"center","padding_top":0,"padding_bottom":0,"padding_right":0,"padding_left":0}}},"block_order":["forms_inline_TWAnyH"],"disabled":true,"settings":{"full_width":false,"space_around":true}},"formulario_muestras_rCTrdm":{"type":"formulario-muestras","settings":{"title":"","nombre_label":"Nombre","nombre_placeholder":"Tu nombre completo","apellido_label":"Apellido","apellido_placeholder":"Tu apellido","email_label":"Correo electrónico","email_placeholder":"tu@email.com","telefono_label":"Teléfono","telefono_placeholder":"+34 600 000 000","empresa_label":"Empresa (Opcional)","empresa_placeholder":"Nombre de tu empresa","direccion_label":"Dirección de envío","direccion_placeholder":"Dirección completa para el envío","calidad_label":"Selecciona una calidad","submit_text":"Solicitar Muestras","success_message":"¡Gracias! Hemos recibido tu solicitud de muestras.","error_message":"Por favor verifica los campos e intenta de nuevo.","background_color":"#f7f7f7","card_background":"#ffffff","shadow_color":"rgba(0, 0, 0, 0.1)","title_color":"#111827","label_color":"#374151","input_background":"#f9fafb","input_border":"#e5e7eb","input_text":"#111827","input_placeholder":"#9CA3AF","input_focus_border":"#e8e8e1","input_focus_background":"#ffffff","button_background":"#e8e8e1","button_text":"#0f0f0f","button_hover_background":"#2563EB","success_background":"#f0fdf4","success_text":"#16a34a","success_border":"#16a34a","error_background":"#fef2f2","error_text":"#dc2626","error_border":"#dc2626"}}},"order":["main","rich_text_XkGKgK","17295754869f561286","formulario_muestras_rCTrdm"]}