{"sections":{"rich_text_4KPJjW":{"type":"rich-text","blocks":{"heading_Miax4e":{"type":"heading","settings":{"title":"NUEVA COLECCIÓN","heading_size":24}},"text_mAVyKc":{"type":"text","settings":{"text_size":12,"text":"<p>No te pierdas la oportunidad de explorar nuestra nueva colección y elevar tus proyectos textiles con diseños exclusivos.<\/p><p>Diseñada para inspirar tus proyectos textiles con una mezcla perfecta de creatividad, originalidad y tendencias actuales. Esta colección presenta diseños innovadores que incluyen desde motivos naturales y paisajes abstractos, hasta patrones minimalistas y composiciones artísticas llenas de color.<\/p>"}}},"block_order":["heading_Miax4e","text_mAVyKc"],"settings":{"align_text":"center","narrow_column":true,"divider":false}},"main":{"type":"main-page","disabled":true,"custom_css":[],"settings":{}},"1727256989397863b7":{"type":"apps","settings":{"full_width":false,"space_around":true}},"advanced_content_AQkC6G":{"type":"advanced-content","settings":{"collection_list":["alia-924","amar","asami-924","auristela-924","bettina-924","bonnie-924","boo-924","flavia","giovanna-924","graziana-924","hathai-924","imani-924","kanako-924","lia-924","libe-924","luana-924","maeva-924","malak-924","malia-924","nahia-924","naila-azul-924","nour-924","nydia-924","sayami-924","syna-924","tevi-924","yanai-924","agary-624","beryl-624","gia-624","ibbie-624","ilma-624","bora-624","micaela-624","mila-624","portia-624","charlotte-924"],"full_width":false,"space_around":true,"force_image_fit":true,"collections_per_row":"4"}}},"order":["rich_text_4KPJjW","main","1727256989397863b7","advanced_content_AQkC6G"]}