{"sections":{"main":{"type":"main-page","disabled":true,"settings":{}},"rich_text_XkGKgK":{"type":"rich-text","blocks":{"heading_im6Bh6":{"type":"heading","settings":{"title":"ENERO 2023","heading_size":24}}},"block_order":["heading_im6Bh6"],"settings":{"align_text":"center","narrow_column":true,"divider":false}},"advanced_content_QjVhXd":{"type":"advanced-content","settings":{"collection_list":["atira","bel","bela","carina","chandi","chihiro","chihiroa","dai","daina","dayami","divya","divyana","elif","eloise","eloisena","emiko","emikona","enara","ever","gaia","hada","ibbie","jana","jolie","kaede","kaedena","kiki","kin","kora","korana","kumari","kuni","linea","lorraine","margot","odette","olaz","rosella","siri","viviane","vivianela","vrinda","zohar"],"full_width":false,"space_around":true,"force_image_fit":true,"collections_per_row":"6"}}},"order":["main","rich_text_XkGKgK","advanced_content_QjVhXd"]}