{"sections":{"main":{"type":"main-page","disabled":true,"settings":{}},"rich_text_QPxYFU":{"type":"rich-text","blocks":{"heading_MMmYVG":{"type":"heading","settings":{"title":"ESPECIAL Pascua\/Easter Day","heading_size":24}},"text_ymfDBC":{"type":"text","settings":{"text_size":12,"text":"<p>Descubre nuestros originales estampados inspirados en la celebración del Día de Pascua, uno de los favoritos de los más pequeños. En estos diseños únicos los motivos campestres son protagonizados por huevos de colores y encantadoras representaciones de conejos en tonos suaves. Esta colección de estampados inspirados en el Easter Day es perfecta para aportar un toque dulce y festivo a tus espacios, decorar estancias infantiles o crear un ambiente alegre en tu hogar.<\/p>"}}},"block_order":["heading_MMmYVG","text_ymfDBC"],"settings":{"align_text":"center","narrow_column":true,"divider":false}},"cuadricula_producto_izE6Fn":{"type":"cuadricula-producto","disabled":true,"settings":{"title":"","products_per_row":4,"text_align":"center","collection":"especial-de-pascua","creator":"SG Partners","title_size":12}},"productos_coleccion_rhWJRE":{"type":"productos-coleccion","settings":{"collection":"especial-de-pascua","columns_desktop":6,"columns_mobile":3,"show_vendor":true,"show_price":false,"vendor_position":"center"}}},"order":["main","rich_text_QPxYFU","cuadricula_producto_izE6Fn","productos_coleccion_rhWJRE"]}