{"sections":{"main":{"type":"main-page","disabled":true,"settings":{}},"rich_text_XkGKgK":{"type":"rich-text","blocks":{"heading_im6Bh6":{"type":"heading","settings":{"title":"videos","heading_size":24}}},"block_order":["heading_im6Bh6"],"settings":{"align_text":"center","narrow_column":true,"divider":false}},"videos_gallery_3tK7Ci":{"type":"videos-gallery","blocks":{"video_eMmteE":{"type":"video","settings":{"titulo":"","video":"shopify:\/\/files\/videos\/VIDEO SG_CORTADO.mp4","descripcion":""}},"video_R8YmVf":{"type":"video","settings":{"titulo":"","video":"shopify:\/\/files\/videos\/VICHY.mp4","descripcion":""}},"video_tUYKVj":{"type":"video","settings":{"titulo":"","video":"shopify:\/\/files\/videos\/SG-TELERS_VIDEO.mp4","descripcion":""}},"video_4YM4nF":{"type":"video","settings":{"titulo":"","video":"shopify:\/\/files\/videos\/SG-CONFECCIÓN_VIDEO.mp4","descripcion":""}}},"block_order":["video_eMmteE","video_R8YmVf","video_tUYKVj","video_4YM4nF"],"settings":{"titulo":"","tamano_titulo":24,"descripcion":"","tamano_descripcion":14,"estilo_grid":"grid","columnas":2,"espacio":32,"color_fondo":"#ffffff","color_texto":"#1a1a1a","color_boton":"#ffffff"}}},"order":["main","rich_text_XkGKgK","videos_gallery_3tK7Ci"]}