{"sections":{"main":{"type":"main-page","disabled":true,"settings":{}},"rich_text_XkGKgK":{"type":"rich-text","blocks":{"heading_im6Bh6":{"type":"heading","settings":{"title":"LEVANTE","heading_size":24}},"text_RkJGKf":{"type":"text","settings":{"text_size":12,"text":"<p>text<\/p>"}}},"block_order":["heading_im6Bh6","text_RkJGKf"],"settings":{"align_text":"center","narrow_column":true,"divider":false}},"cuadricula_producto_UA3jH9":{"type":"cuadricula-producto","disabled":true,"settings":{"title":"","products_per_row":4,"text_align":"left","collection":"levante","creator":"SG Partners","title_size":16}},"productos_coleccion_8pTt79":{"type":"productos-coleccion","settings":{"collection":"levante","columns_desktop":6,"columns_mobile":3,"show_vendor":true,"show_price":false,"vendor_position":"center"}}},"order":["main","rich_text_XkGKgK","cuadricula_producto_UA3jH9","productos_coleccion_8pTt79"]}