{"sections":{"main":{"type":"main-page","disabled":true,"settings":{}},"rich_text_RwwKTn":{"type":"rich-text","blocks":{"heading_EfKaYa":{"type":"heading","settings":{"title":"waffle","heading_size":24}},"text_m4Fpqy":{"type":"text","settings":{"text_size":12,"text":"<p>Explora nuestra selección de textiles waffle tintados perfectos para darle un toque moderno y funcional a tu hogar. También conocido como nido de abeja o gofre piqué, este tejido es conocido por su alta transpirabilidad, gran capacidad de absorción y elasticidad, haciendo que sea perfecto para toallas, manteles, colchas y mantas. Su diseño en relieve no solo ofrece un aspecto elegante, sino que también garantiza comodidad y durabilidad. <\/p>"}}},"block_order":["heading_EfKaYa","text_m4Fpqy"],"settings":{"align_text":"center","narrow_column":true,"divider":false}},"cuadricula_producto_Y7yqD6":{"type":"cuadricula-producto","disabled":true,"settings":{"title":"","products_per_row":4,"text_align":"center","collection":"nido-de-abeja","creator":"SG Partners","title_size":16}},"productos_coleccion_MN3m8a":{"type":"productos-coleccion","settings":{"collection":"nido-de-abeja","columns_desktop":6,"columns_mobile":3,"show_vendor":true,"show_price":false,"vendor_position":"center"}}},"order":["main","rich_text_RwwKTn","cuadricula_producto_Y7yqD6","productos_coleccion_MN3m8a"]}