{"sections":{"main":{"type":"main-page","disabled":true,"settings":{}},"rich_text_JnVnmn":{"type":"rich-text","blocks":{"heading_eAV3ed":{"type":"heading","settings":{"title":"Especial hostelería","heading_size":24}},"text_iipata":{"type":"text","settings":{"text_size":12,"text":"<p>Si eres una empresa del sector hostelero o turístico, en SG Hogar te ofrecemos la oportunidad de pedir textiles estampados que se adapten a tus necesidades. Explora nuestra amplia gama de estampados temáticos, diseñados específicamente para crear ambientes únicos y atractivos en tu negocio, o personalízalos a tu gusto. <br\/><br\/>Contáctanos hoy para solicitar más información sobre nuestro servicio de estampación para empresas.<\/p>"}}},"block_order":["heading_eAV3ed","text_iipata"],"settings":{"align_text":"center","narrow_column":true,"divider":false}},"vende_nuestros_desing_P83KGq":{"type":"vende-nuestros-desing","settings":{"title":"¿Cómo podemos ayudarte?","nombre_label":"Nombre","nombre_placeholder":"Tu nombre","apellido_label":"Apellido","apellido_placeholder":"Tu apellido","email_label":"Correo electrónico","email_placeholder":"tu@email.com","empresa_label":"Empresa (Opcional)","empresa_placeholder":"Nombre de tu empresa","telefono_label":"Teléfono","telefono_placeholder":"+34 600 000 000","direccion_label":"Dirección","direccion_placeholder":"Tu dirección completa","necesidad_label":"¿Qué necesitas?","necesidad_placeholder":"Cuéntanos brevemente qué necesitas...","submit_text":"Enviar Solicitud","success_message":"¡Gracias por tu mensaje! Te contactaremos pronto.","error_message":"Por favor verifica los campos e intenta de nuevo.","background_color":"#f7f7f7","card_background":"#ffffff","title_color":"#333333","label_color":"#333333","input_background":"#f7f7f7","input_border":"#e5e7eb","input_text":"#333333","input_placeholder":"#9ca3af","input_focus_border":"#3b82f6","button_background":"#e8e8e1","button_text":"#000000","button_hover_background":"#2563eb","success_background":"#f0fdf4","success_text":"#16a34a","success_border":"#16a34a","error_background":"#fef2f2","error_text":"#dc2626","error_border":"#dc2626"}}},"order":["main","rich_text_JnVnmn","vende_nuestros_desing_P83KGq"]}