{"sections":{"main":{"type":"main-page","disabled":true,"settings":{}},"rich_text_WFPk73":{"type":"rich-text","blocks":{"heading_3Bec73":{"type":"heading","settings":{"title":"ESPECIAL NAVIDAD","heading_size":24}},"text_tXk7xD":{"type":"text","settings":{"text_size":12,"text":"<p>Descubre nuestros diseños exclusivos con motivos navideños y decora tu hogar en estas fechas tan señaladas. Añade un toque festivo a cada rincón de tu casa con nuestros manteles, cojines decorativos, cortinas y ropa de cama. Haz que tu hogar brille en Navidad con nuestras propuestas únicas.<\/p>"}}},"block_order":["heading_3Bec73","text_tXk7xD"],"settings":{"align_text":"center","narrow_column":true,"divider":false}},"cuadricula_producto_GnWrhU":{"type":"cuadricula-producto","disabled":true,"settings":{"title":"","products_per_row":4,"text_align":"center","collection":"especial-de-navidad","creator":"SG Partners","title_size":12}},"productos_coleccion_3jn9ya":{"type":"productos-coleccion","settings":{"collection":"especial-de-navidad","columns_desktop":6,"columns_mobile":3,"show_vendor":true,"show_price":false,"vendor_position":"center"}}},"order":["main","rich_text_WFPk73","cuadricula_producto_GnWrhU","productos_coleccion_3jn9ya"]}