{"sections":{"main":{"type":"main-page","disabled":true,"settings":{}},"historia_78t98B":{"type":"historia","blocks":{"imagen_RQrRnT":{"type":"imagen","settings":{"imagen":"shopify:\/\/shop_images\/TELERS-10.jpg","descripcion":"Descripción de la imagen","fecha":"2023"}},"imagen_zkNfwQ":{"type":"imagen","settings":{"imagen":"shopify:\/\/shop_images\/FOTOS_TELERS_20.jpg","descripcion":"Descripción de la imagen","fecha":"2023"}},"imagen_KbPjG6":{"type":"imagen","settings":{"imagen":"shopify:\/\/shop_images\/SGPARTNERS-52_2.jpg","descripcion":"Descripción de la imagen","fecha":"2023"}},"imagen_Xrc8HM":{"type":"imagen","settings":{"imagen":"shopify:\/\/shop_images\/SGPARTNERS-50.jpg","descripcion":"Descripción de la imagen","fecha":"2023"}}},"block_order":["imagen_RQrRnT","imagen_zkNfwQ","imagen_KbPjG6","imagen_Xrc8HM"],"settings":{"titulo":"Nuestra Historia","introduccion":"<p>Descubre la fascinante historia detrás de nuestra empresa.<\/p>","color_fondo":"#ffffff","color_texto":"#000000","color_linea_tiempo":"#000000","color_evento":"#f7f7f7"}}},"order":["main","historia_78t98B"]}