{"sections":{"main":{"type":"main-page","disabled":true,"settings":{}},"rich_text_XkGKgK":{"type":"rich-text","blocks":{"heading_im6Bh6":{"type":"heading","settings":{"title":"OTOÑO - INVIERNO","heading_size":24}}},"block_order":["heading_im6Bh6"],"settings":{"align_text":"center","narrow_column":true,"divider":false}},"advanced_content_QgfM4Q":{"type":"advanced-content","settings":{"collection_list":["arlene","azumi","bamber","bian","blair","bel","bela","chihiro","chihiroa","ema","eloise","eloisena","elif","divya","divyana","dayami","daina","dai","daiki-gris","emiko","emikona","eugenia","gaby","gisele","ibbie","ifigenia","ikia","jana","juno","kiki","kin","kuni","lalia","linea","lionela-azul","lionela-beige","lionela-rosa","margot","marni-beige","marni-mint","marni-rosa","odette","olaz","pepi-amarillo","pepi-azul","pepi-naranja","pepi-rosa","rosella"],"full_width":false,"space_around":true,"force_image_fit":true,"collections_per_row":"6"}},"advanced_content_RK666L":{"type":"advanced-content","settings":{"collection_list":["saiko","sarala","sariel","shirin","silke-azul","silke-mostaza","silke-rosa","silke-verde","siri","susil","viviane","vivianela","winda","zenon","zohar","gia-azul-624","gia-color-624","gia-mostaza-624","gia-rosa-624","gianna","abeba","abigail","akela","akenei","alaia","andoitza","anipe","aona-124","arhane","ari","asenet","bahari","bahari-verde","batia-oliva-124","batia-marino","bimba-124","blossom","briseida","bryoni","cara","cassy","chantal","cixi","cloris","cristel","demi","denise-soft","deva"],"full_width":false,"space_around":true,"force_image_fit":true,"collections_per_row":"6"}},"advanced_content_6MFWDX":{"type":"advanced-content","settings":{"collection_list":["devin-ocre-124","devin-rosa-124","ebele","eiko","eira","elixe","elvis-mostaza-124","elvis-rojo-124","enith","enys-soft","eriete","esi","femi","gadea-soft","glenda-124","gracia","halia","intan","isabella","izaro","jade-soft","katerina","kiele","leoni","leoni-verde","lestari","liel-azul-oscuro-124","liel-beige-124","liel-gris-124","liel-mint-124","liel-rosa-124","liel-teja-124","liel-verde-124","marli","merary","mila-azul-624","mila-beige-624","mila-marron-624","mila-rosa-624","nahia-124","nefer","nefer-soft","nella","norah-124","nuru","nut","nydia-124","oba"],"full_width":false,"space_around":true,"force_image_fit":true,"collections_per_row":"6"}},"advanced_content_hC3R49":{"type":"advanced-content","settings":{"collection_list":["okra","opal","oyuki-azul-124","oyuki-rosa-124","oyuki-taupe-124","phyllis","quiana","remei-124","samay","sanura","seda","selena","selk","senda-soft","shanti","silvana-azul","silvina-124","simone","suyen","tauret","yoki","yua","zoe-soft","zale"],"full_width":false,"space_around":true,"force_image_fit":true,"collections_per_row":"6"}}},"order":["main","rich_text_XkGKgK","advanced_content_QgfM4Q","advanced_content_RK666L","advanced_content_6MFWDX","advanced_content_hC3R49"]}