{"sections":{"main":{"type":"main-page","disabled":true,"settings":{}},"rich_text_XkGKgK":{"type":"rich-text","blocks":{"heading_im6Bh6":{"type":"heading","settings":{"title":"infantil patchwork","heading_size":24}},"text_RkJGKf":{"type":"text","settings":{"text_size":12,"text":"<p>Nuestros estampados temáticos son ideales para darle personalidad y estilo a cada rincón de tu hogar. <\/p>"}}},"block_order":["heading_im6Bh6","text_RkJGKf"],"settings":{"align_text":"center","narrow_column":true,"divider":false}},"productos_coleccion_G6hfxM":{"type":"productos-coleccion","settings":{"collection":"infantil-patchwork","columns_desktop":6,"columns_mobile":3,"show_vendor":true,"show_price":false,"vendor_position":"center"}}},"order":["main","rich_text_XkGKgK","productos_coleccion_G6hfxM"]}