{"sections":{"main":{"type":"main-page","disabled":true,"settings":{}},"rich_text_epBGLi":{"type":"rich-text","blocks":{"heading_gdd8CQ":{"type":"heading","settings":{"title":"saten","heading_size":24}},"text_RJBYhg":{"type":"text","settings":{"text_size":12,"text":"<p>El satén se destaca por su suavidad, brillo y acabado elegante, ideal para añadir un toque de lujo a los textiles del hogar. En SG Partners, ofrecemos una amplia variedad de tejido satén en diversas tinturas, perfecto para crear espacios sofisticados. Este material es muy utilizado en sábanas, fundas de almohada, edredones, cortinas, cojines y manteles. Además, su apariencia refinada lo hace popular en la moda, especialmente para ropa de noche, lencería y prendas formales.<\/p>"}}},"block_order":["heading_gdd8CQ","text_RJBYhg"],"settings":{"align_text":"center","narrow_column":true,"divider":false}},"cuadricula_producto_cCpArn":{"type":"cuadricula-producto","disabled":true,"settings":{"title":"","products_per_row":4,"text_align":"center","collection":"saten","creator":"SG PARTNERS","title_size":16}},"productos_coleccion_77ByYM":{"type":"productos-coleccion","settings":{"collection":"saten","columns_desktop":6,"columns_mobile":3,"show_vendor":true,"show_price":false,"vendor_position":"center"}}},"order":["main","rich_text_epBGLi","cuadricula_producto_cCpArn","productos_coleccion_77ByYM"]}