{"sections":{"main":{"type":"main-page","disabled":true,"settings":{}},"1727256989397863b7":{"type":"apps","blocks":{"forms_inline_NemjaJ":{"type":"shopify:\/\/apps\/forms\/blocks\/inline\/8744a304-fcb1-4347-b211-bb6b4759a76a","settings":{"form_id":"186476","text_color":"#202020","button_background_color":"#202020","button_label_color":"#ffffff","links_color":"#1878b9","errors_color":"#e02229","text_alignment":"center","form_alignment":"center","padding_top":0,"padding_bottom":0,"padding_right":0,"padding_left":0}}},"block_order":["forms_inline_NemjaJ"],"settings":{"full_width":false,"space_around":true}},"featured_collection_YBbAPL":{"type":"featured-collection","settings":{"title":"Featured collection","home_featured_products":"alia-taupe-924","per_row":4,"rows":1,"mobile_scrollable":true,"view_all":true,"divider":false}}},"order":["main","1727256989397863b7","featured_collection_YBbAPL"]}