{"sections":{"main":{"type":"main-page","disabled":true,"settings":{}},"equipo_sg_hNtcNa":{"type":"equipo-sg","blocks":{"imagen_EgLeft":{"type":"imagen","settings":{"imagen":"shopify:\/\/shop_images\/DISENO_1.jpg","titulo":""}},"imagen_QAPq6n":{"type":"imagen","settings":{"imagen":"shopify:\/\/shop_images\/DISENO_3.jpg","titulo":""}},"imagen_iVy3wt":{"type":"imagen","settings":{"imagen":"shopify:\/\/shop_images\/SG-CONFECCIO_6.jpg","titulo":""}},"imagen_kz6AzC":{"type":"imagen","settings":{"imagen":"shopify:\/\/shop_images\/SG-CONFECCIO_21_36e49a1a-31d8-4dc2-b961-4956f43a61f8.jpg","titulo":""}},"imagen_iQB8kE":{"type":"imagen","settings":{"imagen":"shopify:\/\/shop_images\/SG-CONFECCIO_22_06c9b6c1-383e-4612-ba0b-8d72e3e967b7.jpg","titulo":""}},"imagen_hYTVMk":{"type":"imagen","settings":{"imagen":"shopify:\/\/shop_images\/SG-CONFECCIO_8.jpg","titulo":""}},"imagen_eKFqNp":{"type":"imagen","settings":{"imagen":"shopify:\/\/shop_images\/DIGITAL_65_ed4559b0-b23a-427b-9d92-15470f5471fb.jpg","titulo":""}},"imagen_f8aCzL":{"type":"imagen","settings":{"imagen":"shopify:\/\/shop_images\/SGPARTNERS-9.jpg","titulo":""}},"imagen_6aMpW3":{"type":"imagen","settings":{"imagen":"shopify:\/\/shop_images\/SGPARTNERS-74_921828b2-44ca-4d77-9985-2955143bb8c3.jpg","titulo":""}}},"block_order":["imagen_EgLeft","imagen_QAPq6n","imagen_iVy3wt","imagen_kz6AzC","imagen_iQB8kE","imagen_hYTVMk","imagen_eKFqNp","imagen_f8aCzL","imagen_6aMpW3"],"settings":{"titulo":"Equipo","tamano_titulo":24,"descripcion":"Explora nuestra colección de imágenes","tamano_descripcion":14,"tamano_titulos_imagen":14,"ancho_maximo_imagen":550,"espacio_entre_imagenes":40,"color_fondo":"#ffffff","color_texto":"#1a1a1a"}}},"order":["main","equipo_sg_hNtcNa"]}