{"sections":{"main":{"type":"main-page","disabled":true,"settings":{}},"rich_text_XkGKgK":{"type":"rich-text","blocks":{"heading_im6Bh6":{"type":"heading","settings":{"title":"KIDS","heading_size":24}},"text_RkJGKf":{"type":"text","settings":{"text_size":12,"text":"<p>Nuestros estampados temáticos son ideales para darle personalidad y estilo a cada rincón de tu hogar. Explora diseños únicos que reflejan movimientos sociales como el Orgullo LGBTQ+ o el feminismo, así como estampados creados específicamente para profesiones o áreas de negocio. Además, encontrarás propuestas vanguardistas en las que se reinterpretan las obras de arte y los personajes históricos más famosos.<\/p>"}}},"block_order":["heading_im6Bh6","text_RkJGKf"],"settings":{"align_text":"center","narrow_column":true,"divider":false}},"cuadricula_producto_bxMhYF":{"type":"cuadricula-producto","disabled":true,"settings":{"title":"","products_per_row":4,"text_align":"center","collection":"especial-tematicos","creator":"SG Partners","title_size":12}},"productos_coleccion_CAVaeq":{"type":"productos-coleccion","settings":{"collection":"kids","columns_desktop":6,"columns_mobile":3,"show_vendor":true,"show_price":false,"vendor_position":"center"}}},"order":["main","rich_text_XkGKgK","cuadricula_producto_bxMhYF","productos_coleccion_CAVaeq"]}