{"sections":{"main":{"type":"main-page","disabled":true,"settings":{}},"rich_text_XkGKgK":{"type":"rich-text","blocks":{"heading_im6Bh6":{"type":"heading","settings":{"title":"TODAS LAS COLECCIONES","heading_size":24}}},"block_order":["heading_im6Bh6"],"settings":{"align_text":"center","narrow_column":true,"divider":false}},"advanced_content_TrgRaV":{"type":"advanced-content","settings":{"collection_list":["agary-624","aine","aona-124","arden","arlene","atira","azumi","bamber","batari","batia-lila-124","batia-marino-124","batia-amarillo-124","batia-blanco-124","batia-denim-124","batia-fucsia-124","batia-oliva-124","batia-pink-124","bel","bela","beryl-624","beryl-fluor-624","bian","bimba-124","blair","bora-624","carina","carula-124","champir","chandi","chihiro","chihiroa","dai","daiki","daiki-gris","daina","dayami","devin-ocre-124","devin-rosa-124","divya","divyana","donia-124","egia-colores-124","egia-mostaza-124","elif","eloise","eloisena","elvis-mostaza-124","elvis-rojo-124"],"full_width":false,"space_around":true,"force_image_fit":true,"collections_per_row":"6"}},"advanced_content_BCQGa8":{"type":"advanced-content","settings":{"collection_list":["ema","emiko","emikona","enara","especial-de-halloween","especial-manteleria","especial-de-navidad","especial-de-pascua","especial-tematicos","enero-2024","especial-tropical","eugenia","ever","felis","gaby","gaia","genoveva-124","genoveva-lila-124","genoveva-rosa-124","genoveva-verde-124","gia-azul-624","gia-mostaza-624","gia-rosa-624","glenda-124","gural","hada","ibbie","ibbie-624","ifigenia","ikia","ilma-624","iraide","jana","ireshi","jolie","juno","kaede","kaedena","kiki","kin","kora","korana","kumari","kuni","lalia","leilani","leny-124","lidaila"],"full_width":false,"space_around":true,"force_image_fit":true,"collections_per_row":"6"}},"advanced_content_hbU6VN":{"type":"advanced-content","settings":{"collection_list":["liel-azul-oscuro-124","liel-beige-124","liel-gris-124","liel-mint-124","liel-rosa-124","liel-teja-124","liel-verde-124","lilia-124","lima","linea","lionela-azul","lionela-beige","lionela-rosa","lis","lorraine","lua-azul","lua-malva","lua-mostaza","lua-rosa","lupina","manon-124","margot","marni-beige","marni-mint","marni-rosa","micaela-624","mila-azul-624","mila-beige-624","mila-rosa-624","nahia-124","nalin-124","nisha-124","nele","norah-124","nydia-124","odette","olaz","oyuki-azul-124","oyuki-rosa-124","oyuki-taupe-124","palopa","patchpal","pepi-amarillo","pepi-azul","pepi-naranja","pepi-rosa","pilu","portia-624"],"full_width":false,"space_around":true,"force_image_fit":true,"collections_per_row":"6"}},"advanced_content_wGU3kF":{"type":"advanced-content","settings":{"collection_list":["remei-124","rosella","saiko","sarala","sariel","sharol","shirin","sigrid-124","silke-mostaza","silke-azul","silke-rosa","silke-verde","silvina-124","siri","susil","tasmin-124","tessa-124","viviane","vivianela","vrinda","wanda-124","winda","zenon","zohar"],"full_width":false,"space_around":true,"force_image_fit":true,"collections_per_row":"6"}}},"order":["main","rich_text_XkGKgK","advanced_content_TrgRaV","advanced_content_BCQGa8","advanced_content_hbU6VN","advanced_content_wGU3kF"]}