{"layout":"password","sections":{"password-header":{"type":"password-header","settings":{"overlay_header":true,"logo":"shopify:\/\/shop_images\/sgpartners_logo_48f8c1f8-7fda-48c2-bb69-15f0c952fe7e.png","desktop_logo_height":76,"mobile_logo_height":50}},"slideshow":{"type":"slideshow","blocks":{"1524769873765-0":{"type":"image","settings":{"top_subheading":"","title":"Opening soon","title_size":60,"subheading":"","link":"","link_text":"","link_2":"","link_text_2":"","color_accent":"rgba(0,0,0,0)","text_align":"vertical-center horizontal-center","image":"shopify:\/\/shop_images\/FLAVIA-924-1-HIGH-jpg.jpg","image_mobile":"shopify:\/\/shop_images\/FLAVIA-924-1-HIGH-jpg.jpg","overlay_opacity":0,"focal_point":"center center"}},"image_GULXYy":{"type":"image","settings":{"top_subheading":"","title":"Opening soon","title_size":60,"subheading":"","link":"","link_text":"","link_2":"","link_text_2":"","color_accent":"rgba(0,0,0,0)","text_align":"vertical-center horizontal-center","image":"shopify:\/\/shop_images\/AURISTELA-924-1-HIGH-jpg.jpg","image_mobile":"shopify:\/\/shop_images\/AURISTELA_924-1_HIGH_f019f854-6e87-481a-9150-09a1f2820e18.jpg","overlay_opacity":0,"focal_point":"center center"}},"image_r9q7rb":{"type":"image","settings":{"top_subheading":"","title":"Opening soon","title_size":80,"subheading":"","link":"","link_text":"","link_2":"","link_text_2":"","color_accent":"rgba(0,0,0,0)","text_align":"vertical-center horizontal-center","image":"shopify:\/\/shop_images\/AMAR-924-6-jpg.jpg","image_mobile":"shopify:\/\/shop_images\/IMANI-924-2-jpg.jpg","overlay_opacity":0,"focal_point":"center center"}}},"block_order":["1524769873765-0","image_GULXYy","image_r9q7rb"],"settings":{"section_height":"100vh","mobile_height":"100vh","parallax":false,"style":"bars","autoplay":false,"autoplay_speed":6}}},"order":["password-header","slideshow"]}