{"sections":{"main":{"type":"main-product","blocks":{"price":{"type":"price","settings":{}},"inventory_status":{"type":"inventory_status","settings":{"inventory_threshold":0,"inventory_transfers_enable":false}},"quantity_selector_7e3Rci":{"type":"quantity_selector","settings":{}},"text_nKna9K":{"type":"text","settings":{"text":"En Metros"}},"text_kTz7qV":{"type":"text","settings":{"text":"(piezas a partir de 16metros)"}},"variant_picker":{"type":"variant_picker","settings":{"variant_labels":true,"picker_type":"dropdown","color_swatches":true}},"text_8UmqGC":{"type":"text","settings":{"text":"* Consúltanos en caso de necesitar estampar sobre cualquier otra calidad"}},"buy_buttons":{"type":"buy_buttons","settings":{"show_dynamic_checkout":true,"surface_pickup_enable":true}},"description":{"type":"description","settings":{"is_tab":false}}},"block_order":["price","inventory_status","quantity_selector_7e3Rci","text_nKna9K","text_kTz7qV","variant_picker","text_8UmqGC","buy_buttons","description"],"settings":{"sku_enable":false,"image_position":"left","image_size":"medium","product_zoom_enable":true,"thumbnail_position":"beside","thumbnail_arrows":true,"mobile_layout":"partial","enable_video_looping":true,"product_video_style":"muted"}},"17289775406bd34e81":{"type":"apps","settings":{"full_width":false,"space_around":true}},"sub":{"type":"product-full-width","disabled":true,"settings":{"max_width":true}},"product-recommendations":{"type":"product-recommendations","settings":{"show_product_recommendations":true,"product_recommendations_heading":"También te puede gustar","related_count":5}},"recently-viewed":{"type":"recently-viewed","settings":{"recent_count":5}},"collection-return":{"type":"collection-return","settings":{}},"1728389664f8c608b4":{"type":"apps","settings":{"full_width":false,"space_around":true}},"testimonials":{"type":"testimonials","blocks":{"testimonials-0":{"type":"testimonial","settings":{"icon":"5-stars","testimonial":"<p>Add customer reviews and testimonials to showcase your store’s happy customers.<\/p>","author":"Author's name","author_info":"Los Angeles, CA"}},"testimonials-1":{"type":"testimonial","settings":{"icon":"5-stars","testimonial":"<p>Add customer reviews and testimonials to showcase your store’s happy customers.<\/p>","author":"Author's name","author_info":"Los Angeles, CA"}},"testimonials-2":{"type":"testimonial","settings":{"icon":"5-stars","testimonial":"<p>Add customer reviews and testimonials to showcase your store’s happy customers.<\/p>","author":"Author's name","author_info":"Los Angeles, CA"}}},"block_order":["testimonials-0","testimonials-1","testimonials-2"],"settings":{"title":"Testimonials","align_text":"center","round_images":true,"color_background":"#f9f9f9","color_text":"#1c1d1d"}}},"order":["main","17289775406bd34e81","sub","product-recommendations","recently-viewed","collection-return","1728389664f8c608b4","testimonials"]}